{
     "EE Signal vs Background": [
          0.977833641768068,
          4.9995e-320
     ],
     "EN Signal vs Background": [
          0.9731825551497683,
          9.27172705e-315
     ],
     "NN Signal vs Background": [
          0.9720061359405622,
          2.9221648381e-313
     ]
}