{
     "EE vs EN": [
          0.2396887159533074,
          8.673472797437271e-33
     ],
     "EE vs NN": [
          0.07859922178988327,
          0.0007098402533114715
     ],
     "EN vs NN": [
          0.222568093385214,
          2.7188673558806197e-28
     ]
}