{
     "Signal KS statistic D": 0.043911007025761124,
     "Signal KS p-value": 0.5170595862013213,
     "Background KS statistic D": 0.033160037241669896,
     "Background KS p-value": 4.9995e-320,
     "Signal vs Background KS statistic D": 0.977833641768068
}