{
     "Signal KS statistic D": 0.03278688524590164,
     "Signal KS p-value": 0.849235740167585,
     "Background KS statistic D": 0.031469211061047796,
     "Background KS p-value": 4.9995e-320,
     "Signal vs Background KS statistic D": 0.977833641768068
}